Title,Company,Time Posted
Senior Software Engineer - Backend,"Hyperscience
                
Sofia, Bulgaria                ",2d ago
Remote Back-End Senior Software Engineer,"SRT Labs
                
Springfield, VA                ",3h ago
"Mid-Level Developer (Elixir / Ruby) - Backend, Frontend and beyond","BetterDoc
                
Cologne, Germany                ",11h ago
Senior Software Engineer,"Rho Business Banking
                
New York, NY                ",10h ago
"Senior Software Engineer, Applications","Simulmedia
                
New York, NY                ",1h ago
"Software Engineer, Backend â Blockchain Applications","Hex Trust
                
Hong Kong                ",14h ago
Senior Full-Stack PHP Developer,"GeoPhy
                
Den Haag, Netherlands                ",yesterday
"Software Engineer, Developer Experience (API and webhooks)","Zeplin, Inc
                
San Francisco, CA                ",yesterday
Backend Engineer (m/f/d),"Delicious Data GmbH
                
München, Deutschland                ",3d ago
Front-End Software Engineer,"HENNGE K.K.
                
Tokyo, Japan                ",16h ago
VP of Engineering for Profitable SaaS,"Lead Sherpa, Inc.
                
Denver, CO                ",4d ago
"Software Engineer, Back End","Niche
                
Pittsburgh, PA                ",6h ago
(Senior) Backend Engineer at the leading data-driven travel Advertising platform,"travel audience GmbH
                
Berlin, Germany                ",3d ago
Python Backend Developer (m/w/d),"sonnen GmbH
                
Wildpoldsried, Deutschland                ",4d ago
Front End Developer (f/m/d),"PAIR Finance GmbH
                
Berlin, Deutschland                ",2d ago
Senior Backend Software Engineer,"C2FO
                
Leawood, KS                ",4d ago
Full Stack Python / Django / React Dev for Awesome Saas,"Lead Sherpa, Inc.
                
Denver, CO                ",""
Java Backend Developer - Finance,"Takeaway.com
                
Amsterdam, Netherlands                ",3d ago
"Software Engineer, Python","YouGov
                
Warsaw, Poland                ",""
Software Engineer,"Equus Software, LLC
                
Denver, CO                ",6h ago
Backend Engineer,"LeoVegas Mobile Gaming Group
                
Stockholm, Sweden                ",2d ago
React Front End Developer,"Daupler, Inc.
                
Kansas City, MO                ",2d ago
Hands-On Software Architect (Cloud Backend),"Nets Group
                
Helsinki, Finland                ",""
Senior Full Stack Developer,"OnCall Health
                
Toronto, ON, Canada                ",""
"Lead Backend Engineer (Fully Remote, VC-Backed Startup)","SparkPlug
                
Boulder, CO                ",""
Senior Software Engineer - Backend,"Hyperscience
                
Sofia, Bulgaria                ",2d ago
Remote Back-End Senior Software Engineer,"SRT Labs
                
Springfield, VA                ",3h ago
"Mid-Level Developer (Elixir / Ruby) - Backend, Frontend and beyond","BetterDoc
                
Cologne, Germany                ",11h ago
Senior Software Engineer,"Rho Business Banking
                
New York, NY                ",10h ago
"Senior Software Engineer, Applications","Simulmedia
                
New York, NY                ",1h ago
"Software Engineer, Backend â Blockchain Applications","Hex Trust
                
Hong Kong                ",14h ago
Senior Full-Stack PHP Developer,"GeoPhy
                
Den Haag, Netherlands                ",yesterday
"Software Engineer, Developer Experience (API and webhooks)","Zeplin, Inc
                
San Francisco, CA                ",yesterday
Backend Engineer (m/f/d),"Delicious Data GmbH
                
München, Deutschland                ",3d ago
Front-End Software Engineer,"HENNGE K.K.
                
Tokyo, Japan                ",16h ago
VP of Engineering for Profitable SaaS,"Lead Sherpa, Inc.
                
Denver, CO                ",4d ago
"Software Engineer, Back End","Niche
                
Pittsburgh, PA                ",6h ago
(Senior) Backend Engineer at the leading data-driven travel Advertising platform,"travel audience GmbH
                
Berlin, Germany                ",3d ago
Python Backend Developer (m/w/d),"sonnen GmbH
                
Wildpoldsried, Deutschland                ",4d ago
Front End Developer (f/m/d),"PAIR Finance GmbH
                
Berlin, Deutschland                ",2d ago
Senior Backend Software Engineer,"C2FO
                
Leawood, KS                ",4d ago
Full Stack Python / Django / React Dev for Awesome Saas,"Lead Sherpa, Inc.
                
Denver, CO                ",""
Java Backend Developer - Finance,"Takeaway.com
                
Amsterdam, Netherlands                ",3d ago
"Software Engineer, Python","YouGov
                
Warsaw, Poland                ",""
Software Engineer,"Equus Software, LLC
                
Denver, CO                ",6h ago
Backend Engineer,"LeoVegas Mobile Gaming Group
                
Stockholm, Sweden                ",2d ago
React Front End Developer,"Daupler, Inc.
                
Kansas City, MO                ",2d ago
Hands-On Software Architect (Cloud Backend),"Nets Group
                
Helsinki, Finland                ",""
Senior Full Stack Developer,"OnCall Health
                
Toronto, ON, Canada                ",""
"Lead Backend Engineer (Fully Remote, VC-Backed Startup)","SparkPlug
                
Boulder, CO                ",""
Senior Software Engineer - Backend,"Hyperscience
                
Sofia, Bulgaria                ",2d ago
Remote Back-End Senior Software Engineer,"SRT Labs
                
Springfield, VA                ",3h ago
"Mid-Level Developer (Elixir / Ruby) - Backend, Frontend and beyond","BetterDoc
                
Cologne, Germany                ",11h ago
Senior Software Engineer,"Rho Business Banking
                
New York, NY                ",10h ago
"Senior Software Engineer, Applications","Simulmedia
                
New York, NY                ",1h ago
"Software Engineer, Backend â Blockchain Applications","Hex Trust
                
Hong Kong                ",14h ago
Senior Full-Stack PHP Developer,"GeoPhy
                
Den Haag, Netherlands                ",yesterday
"Software Engineer, Developer Experience (API and webhooks)","Zeplin, Inc
                
San Francisco, CA                ",yesterday
Backend Engineer (m/f/d),"Delicious Data GmbH
                
München, Deutschland                ",3d ago
Front-End Software Engineer,"HENNGE K.K.
                
Tokyo, Japan                ",16h ago
VP of Engineering for Profitable SaaS,"Lead Sherpa, Inc.
                
Denver, CO                ",4d ago
"Software Engineer, Back End","Niche
                
Pittsburgh, PA                ",6h ago
(Senior) Backend Engineer at the leading data-driven travel Advertising platform,"travel audience GmbH
                
Berlin, Germany                ",3d ago
Python Backend Developer (m/w/d),"sonnen GmbH
                
Wildpoldsried, Deutschland                ",4d ago
Front End Developer (f/m/d),"PAIR Finance GmbH
                
Berlin, Deutschland                ",2d ago
Senior Backend Software Engineer,"C2FO
                
Leawood, KS                ",4d ago
Full Stack Python / Django / React Dev for Awesome Saas,"Lead Sherpa, Inc.
                
Denver, CO                ",""
Java Backend Developer - Finance,"Takeaway.com
                
Amsterdam, Netherlands                ",3d ago
"Software Engineer, Python","YouGov
                
Warsaw, Poland                ",""
Software Engineer,"Equus Software, LLC
                
Denver, CO                ",6h ago
Backend Engineer,"LeoVegas Mobile Gaming Group
                
Stockholm, Sweden                ",2d ago
React Front End Developer,"Daupler, Inc.
                
Kansas City, MO                ",2d ago
Hands-On Software Architect (Cloud Backend),"Nets Group
                
Helsinki, Finland                ",""
Senior Full Stack Developer,"OnCall Health
                
Toronto, ON, Canada                ",""
"Lead Backend Engineer (Fully Remote, VC-Backed Startup)","SparkPlug
                
Boulder, CO                ",""
Senior Software Engineer - Backend,"Hyperscience
                
Sofia, Bulgaria                ",2d ago
Remote Back-End Senior Software Engineer,"SRT Labs
                
Springfield, VA                ",3h ago
"Mid-Level Developer (Elixir / Ruby) - Backend, Frontend and beyond","BetterDoc
                
Cologne, Germany                ",11h ago
Senior Software Engineer,"Rho Business Banking
                
New York, NY                ",10h ago
"Senior Software Engineer, Applications","Simulmedia
                
New York, NY                ",1h ago
"Software Engineer, Backend â Blockchain Applications","Hex Trust
                
Hong Kong                ",14h ago
Senior Full-Stack PHP Developer,"GeoPhy
                
Den Haag, Netherlands                ",yesterday
"Software Engineer, Developer Experience (API and webhooks)","Zeplin, Inc
                
San Francisco, CA                ",yesterday
Backend Engineer (m/f/d),"Delicious Data GmbH
                
München, Deutschland                ",3d ago
Front-End Software Engineer,"HENNGE K.K.
                
Tokyo, Japan                ",16h ago
VP of Engineering for Profitable SaaS,"Lead Sherpa, Inc.
                
Denver, CO                ",4d ago
"Software Engineer, Back End","Niche
                
Pittsburgh, PA                ",6h ago
(Senior) Backend Engineer at the leading data-driven travel Advertising platform,"travel audience GmbH
                
Berlin, Germany                ",3d ago
Python Backend Developer (m/w/d),"sonnen GmbH
                
Wildpoldsried, Deutschland                ",4d ago
Front End Developer (f/m/d),"PAIR Finance GmbH
                
Berlin, Deutschland                ",2d ago
Senior Backend Software Engineer,"C2FO
                
Leawood, KS                ",4d ago
Full Stack Python / Django / React Dev for Awesome Saas,"Lead Sherpa, Inc.
                
Denver, CO                ",""
Java Backend Developer - Finance,"Takeaway.com
                
Amsterdam, Netherlands                ",3d ago
"Software Engineer, Python","YouGov
                
Warsaw, Poland                ",""
Software Engineer,"Equus Software, LLC
                
Denver, CO                ",6h ago
Backend Engineer,"LeoVegas Mobile Gaming Group
                
Stockholm, Sweden                ",2d ago
React Front End Developer,"Daupler, Inc.
                
Kansas City, MO                ",2d ago
Hands-On Software Architect (Cloud Backend),"Nets Group
                
Helsinki, Finland                ",""
Senior Full Stack Developer,"OnCall Health
                
Toronto, ON, Canada                ",""
"Lead Backend Engineer (Fully Remote, VC-Backed Startup)","SparkPlug
                
Boulder, CO                ",""
Senior Software Engineer - Backend,"Hyperscience
                
Sofia, Bulgaria                ",2d ago
Remote Back-End Senior Software Engineer,"SRT Labs
                
Springfield, VA                ",3h ago
"Mid-Level Developer (Elixir / Ruby) - Backend, Frontend and beyond","BetterDoc
                
Cologne, Germany                ",11h ago
Senior Software Engineer,"Rho Business Banking
                
New York, NY                ",10h ago
"Senior Software Engineer, Applications","Simulmedia
                
New York, NY                ",1h ago
"Software Engineer, Backend â Blockchain Applications","Hex Trust
                
Hong Kong                ",14h ago
Senior Full-Stack PHP Developer,"GeoPhy
                
Den Haag, Netherlands                ",yesterday
"Software Engineer, Developer Experience (API and webhooks)","Zeplin, Inc
                
San Francisco, CA                ",yesterday
Backend Engineer (m/f/d),"Delicious Data GmbH
                
München, Deutschland                ",3d ago
Front-End Software Engineer,"HENNGE K.K.
                
Tokyo, Japan                ",16h ago
VP of Engineering for Profitable SaaS,"Lead Sherpa, Inc.
                
Denver, CO                ",4d ago
"Software Engineer, Back End","Niche
                
Pittsburgh, PA                ",6h ago
(Senior) Backend Engineer at the leading data-driven travel Advertising platform,"travel audience GmbH
                
Berlin, Germany                ",3d ago
Python Backend Developer (m/w/d),"sonnen GmbH
                
Wildpoldsried, Deutschland                ",4d ago
Front End Developer (f/m/d),"PAIR Finance GmbH
                
Berlin, Deutschland                ",2d ago
Senior Backend Software Engineer,"C2FO
                
Leawood, KS                ",4d ago
Full Stack Python / Django / React Dev for Awesome Saas,"Lead Sherpa, Inc.
                
Denver, CO                ",""
Java Backend Developer - Finance,"Takeaway.com
                
Amsterdam, Netherlands                ",3d ago
"Software Engineer, Python","YouGov
                
Warsaw, Poland                ",""
Software Engineer,"Equus Software, LLC
                
Denver, CO                ",6h ago
Backend Engineer,"LeoVegas Mobile Gaming Group
                
Stockholm, Sweden                ",2d ago
React Front End Developer,"Daupler, Inc.
                
Kansas City, MO                ",2d ago
Hands-On Software Architect (Cloud Backend),"Nets Group
                
Helsinki, Finland                ",""
Senior Full Stack Developer,"OnCall Health
                
Toronto, ON, Canada                ",""
"Lead Backend Engineer (Fully Remote, VC-Backed Startup)","SparkPlug
                
Boulder, CO                ",""
Senior Software Engineer - Backend,"Hyperscience
                
Sofia, Bulgaria                ",2d ago
Remote Back-End Senior Software Engineer,"SRT Labs
                
Springfield, VA                ",3h ago
"Mid-Level Developer (Elixir / Ruby) - Backend, Frontend and beyond","BetterDoc
                
Cologne, Germany                ",11h ago
Senior Software Engineer,"Rho Business Banking
                
New York, NY                ",10h ago
"Senior Software Engineer, Applications","Simulmedia
                
New York, NY                ",1h ago
"Software Engineer, Backend â Blockchain Applications","Hex Trust
                
Hong Kong                ",14h ago
Senior Full-Stack PHP Developer,"GeoPhy
                
Den Haag, Netherlands                ",yesterday
"Software Engineer, Developer Experience (API and webhooks)","Zeplin, Inc
                
San Francisco, CA                ",yesterday
Backend Engineer (m/f/d),"Delicious Data GmbH
                
München, Deutschland                ",3d ago
Front-End Software Engineer,"HENNGE K.K.
                
Tokyo, Japan                ",16h ago
VP of Engineering for Profitable SaaS,"Lead Sherpa, Inc.
                
Denver, CO                ",4d ago
"Software Engineer, Back End","Niche
                
Pittsburgh, PA                ",6h ago
(Senior) Backend Engineer at the leading data-driven travel Advertising platform,"travel audience GmbH
                
Berlin, Germany                ",3d ago
Python Backend Developer (m/w/d),"sonnen GmbH
                
Wildpoldsried, Deutschland                ",4d ago
Front End Developer (f/m/d),"PAIR Finance GmbH
                
Berlin, Deutschland                ",2d ago
Senior Backend Software Engineer,"C2FO
                
Leawood, KS                ",4d ago
Full Stack Python / Django / React Dev for Awesome Saas,"Lead Sherpa, Inc.
                
Denver, CO                ",""
Java Backend Developer - Finance,"Takeaway.com
                
Amsterdam, Netherlands                ",3d ago
"Software Engineer, Python","YouGov
                
Warsaw, Poland                ",""
Software Engineer,"Equus Software, LLC
                
Denver, CO                ",6h ago
Backend Engineer,"LeoVegas Mobile Gaming Group
                
Stockholm, Sweden                ",2d ago
React Front End Developer,"Daupler, Inc.
                
Kansas City, MO                ",2d ago
Hands-On Software Architect (Cloud Backend),"Nets Group
                
Helsinki, Finland                ",""
Senior Full Stack Developer,"OnCall Health
                
Toronto, ON, Canada                ",""
"Lead Backend Engineer (Fully Remote, VC-Backed Startup)","SparkPlug
                
Boulder, CO                ",""
Senior Software Engineer - Backend,"Hyperscience
                
Sofia, Bulgaria                ",2d ago
Remote Back-End Senior Software Engineer,"SRT Labs
                
Springfield, VA                ",3h ago
"Mid-Level Developer (Elixir / Ruby) - Backend, Frontend and beyond","BetterDoc
                
Cologne, Germany                ",11h ago
Senior Software Engineer,"Rho Business Banking
                
New York, NY                ",10h ago
"Senior Software Engineer, Applications","Simulmedia
                
New York, NY                ",1h ago
"Software Engineer, Backend â Blockchain Applications","Hex Trust
                
Hong Kong                ",14h ago
Senior Full-Stack PHP Developer,"GeoPhy
                
Den Haag, Netherlands                ",yesterday
"Software Engineer, Developer Experience (API and webhooks)","Zeplin, Inc
                
San Francisco, CA                ",yesterday
Backend Engineer (m/f/d),"Delicious Data GmbH
                
München, Deutschland                ",3d ago
Front-End Software Engineer,"HENNGE K.K.
                
Tokyo, Japan                ",16h ago
VP of Engineering for Profitable SaaS,"Lead Sherpa, Inc.
                
Denver, CO                ",4d ago
"Software Engineer, Back End","Niche
                
Pittsburgh, PA                ",6h ago
(Senior) Backend Engineer at the leading data-driven travel Advertising platform,"travel audience GmbH
                
Berlin, Germany                ",3d ago
Python Backend Developer (m/w/d),"sonnen GmbH
                
Wildpoldsried, Deutschland                ",4d ago
Front End Developer (f/m/d),"PAIR Finance GmbH
                
Berlin, Deutschland                ",2d ago
Senior Backend Software Engineer,"C2FO
                
Leawood, KS                ",4d ago
Full Stack Python / Django / React Dev for Awesome Saas,"Lead Sherpa, Inc.
                
Denver, CO                ",""
Java Backend Developer - Finance,"Takeaway.com
                
Amsterdam, Netherlands                ",3d ago
"Software Engineer, Python","YouGov
                
Warsaw, Poland                ",""
Software Engineer,"Equus Software, LLC
                
Denver, CO                ",6h ago
Backend Engineer,"LeoVegas Mobile Gaming Group
                
Stockholm, Sweden                ",2d ago
React Front End Developer,"Daupler, Inc.
                
Kansas City, MO                ",2d ago
Hands-On Software Architect (Cloud Backend),"Nets Group
                
Helsinki, Finland                ",""
Senior Full Stack Developer,"OnCall Health
                
Toronto, ON, Canada                ",""
"Lead Backend Engineer (Fully Remote, VC-Backed Startup)","SparkPlug
                
Boulder, CO                ",""
Senior Software Engineer - Backend,"Hyperscience
                
Sofia, Bulgaria                ",2d ago
Remote Back-End Senior Software Engineer,"SRT Labs
                
Springfield, VA                ",3h ago
"Mid-Level Developer (Elixir / Ruby) - Backend, Frontend and beyond","BetterDoc
                
Cologne, Germany                ",11h ago
Senior Software Engineer,"Rho Business Banking
                
New York, NY                ",10h ago
"Senior Software Engineer, Applications","Simulmedia
                
New York, NY                ",1h ago
"Software Engineer, Backend â Blockchain Applications","Hex Trust
                
Hong Kong                ",14h ago
Senior Full-Stack PHP Developer,"GeoPhy
                
Den Haag, Netherlands                ",yesterday
"Software Engineer, Developer Experience (API and webhooks)","Zeplin, Inc
                
San Francisco, CA                ",yesterday
Backend Engineer (m/f/d),"Delicious Data GmbH
                
München, Deutschland                ",3d ago
Front-End Software Engineer,"HENNGE K.K.
                
Tokyo, Japan                ",16h ago
VP of Engineering for Profitable SaaS,"Lead Sherpa, Inc.
                
Denver, CO                ",4d ago
"Software Engineer, Back End","Niche
                
Pittsburgh, PA                ",6h ago
(Senior) Backend Engineer at the leading data-driven travel Advertising platform,"travel audience GmbH
                
Berlin, Germany                ",3d ago
Python Backend Developer (m/w/d),"sonnen GmbH
                
Wildpoldsried, Deutschland                ",4d ago
Front End Developer (f/m/d),"PAIR Finance GmbH
                
Berlin, Deutschland                ",2d ago
Senior Backend Software Engineer,"C2FO
                
Leawood, KS                ",4d ago
Full Stack Python / Django / React Dev for Awesome Saas,"Lead Sherpa, Inc.
                
Denver, CO                ",""
Java Backend Developer - Finance,"Takeaway.com
                
Amsterdam, Netherlands                ",3d ago
"Software Engineer, Python","YouGov
                
Warsaw, Poland                ",""
Software Engineer,"Equus Software, LLC
                
Denver, CO                ",6h ago
Backend Engineer,"LeoVegas Mobile Gaming Group
                
Stockholm, Sweden                ",2d ago
React Front End Developer,"Daupler, Inc.
                
Kansas City, MO                ",2d ago
Hands-On Software Architect (Cloud Backend),"Nets Group
                
Helsinki, Finland                ",""
Senior Full Stack Developer,"OnCall Health
                
Toronto, ON, Canada                ",""
"Lead Backend Engineer (Fully Remote, VC-Backed Startup)","SparkPlug
                
Boulder, CO                ",""
Senior Software Engineer - Backend,"Hyperscience
                
Sofia, Bulgaria                ",2d ago
Remote Back-End Senior Software Engineer,"SRT Labs
                
Springfield, VA                ",3h ago
"Mid-Level Developer (Elixir / Ruby) - Backend, Frontend and beyond","BetterDoc
                
Cologne, Germany                ",11h ago
Senior Software Engineer,"Rho Business Banking
                
New York, NY                ",10h ago
"Senior Software Engineer, Applications","Simulmedia
                
New York, NY                ",1h ago
"Software Engineer, Backend â Blockchain Applications","Hex Trust
                
Hong Kong                ",14h ago
Senior Full-Stack PHP Developer,"GeoPhy
                
Den Haag, Netherlands                ",yesterday
"Software Engineer, Developer Experience (API and webhooks)","Zeplin, Inc
                
San Francisco, CA                ",yesterday
Backend Engineer (m/f/d),"Delicious Data GmbH
                
München, Deutschland                ",3d ago
Front-End Software Engineer,"HENNGE K.K.
                
Tokyo, Japan                ",16h ago
VP of Engineering for Profitable SaaS,"Lead Sherpa, Inc.
                
Denver, CO                ",4d ago
"Software Engineer, Back End","Niche
                
Pittsburgh, PA                ",6h ago
(Senior) Backend Engineer at the leading data-driven travel Advertising platform,"travel audience GmbH
                
Berlin, Germany                ",3d ago
Python Backend Developer (m/w/d),"sonnen GmbH
                
Wildpoldsried, Deutschland                ",4d ago
Front End Developer (f/m/d),"PAIR Finance GmbH
                
Berlin, Deutschland                ",2d ago
Senior Backend Software Engineer,"C2FO
                
Leawood, KS                ",4d ago
Full Stack Python / Django / React Dev for Awesome Saas,"Lead Sherpa, Inc.
                
Denver, CO                ",""
Java Backend Developer - Finance,"Takeaway.com
                
Amsterdam, Netherlands                ",3d ago
"Software Engineer, Python","YouGov
                
Warsaw, Poland                ",""
Software Engineer,"Equus Software, LLC
                
Denver, CO                ",6h ago
Backend Engineer,"LeoVegas Mobile Gaming Group
                
Stockholm, Sweden                ",2d ago
React Front End Developer,"Daupler, Inc.
                
Kansas City, MO                ",2d ago
Hands-On Software Architect (Cloud Backend),"Nets Group
                
Helsinki, Finland                ",""
Senior Full Stack Developer,"OnCall Health
                
Toronto, ON, Canada                ",""
"Lead Backend Engineer (Fully Remote, VC-Backed Startup)","SparkPlug
                
Boulder, CO                ",""
Senior Software Engineer - Backend,"Hyperscience
                
Sofia, Bulgaria                ",2d ago
Remote Back-End Senior Software Engineer,"SRT Labs
                
Springfield, VA                ",3h ago
"Mid-Level Developer (Elixir / Ruby) - Backend, Frontend and beyond","BetterDoc
                
Cologne, Germany                ",11h ago
Senior Software Engineer,"Rho Business Banking
                
New York, NY                ",10h ago
"Senior Software Engineer, Applications","Simulmedia
                
New York, NY                ",1h ago
"Software Engineer, Backend â Blockchain Applications","Hex Trust
                
Hong Kong                ",14h ago
Senior Full-Stack PHP Developer,"GeoPhy
                
Den Haag, Netherlands                ",yesterday
"Software Engineer, Developer Experience (API and webhooks)","Zeplin, Inc
                
San Francisco, CA                ",yesterday
Backend Engineer (m/f/d),"Delicious Data GmbH
                
München, Deutschland                ",3d ago
Front-End Software Engineer,"HENNGE K.K.
                
Tokyo, Japan                ",16h ago
VP of Engineering for Profitable SaaS,"Lead Sherpa, Inc.
                
Denver, CO                ",4d ago
"Software Engineer, Back End","Niche
                
Pittsburgh, PA                ",6h ago
(Senior) Backend Engineer at the leading data-driven travel Advertising platform,"travel audience GmbH
                
Berlin, Germany                ",3d ago
Python Backend Developer (m/w/d),"sonnen GmbH
                
Wildpoldsried, Deutschland                ",4d ago
Front End Developer (f/m/d),"PAIR Finance GmbH
                
Berlin, Deutschland                ",2d ago
Senior Backend Software Engineer,"C2FO
                
Leawood, KS                ",4d ago
Full Stack Python / Django / React Dev for Awesome Saas,"Lead Sherpa, Inc.
                
Denver, CO                ",""
Java Backend Developer - Finance,"Takeaway.com
                
Amsterdam, Netherlands                ",3d ago
"Software Engineer, Python","YouGov
                
Warsaw, Poland                ",""
Software Engineer,"Equus Software, LLC
                
Denver, CO                ",6h ago
Backend Engineer,"LeoVegas Mobile Gaming Group
                
Stockholm, Sweden                ",2d ago
React Front End Developer,"Daupler, Inc.
                
Kansas City, MO                ",2d ago
Hands-On Software Architect (Cloud Backend),"Nets Group
                
Helsinki, Finland                ",""
Senior Full Stack Developer,"OnCall Health
                
Toronto, ON, Canada                ",""
"Lead Backend Engineer (Fully Remote, VC-Backed Startup)","SparkPlug
                
Boulder, CO                ",""
Senior Software Engineer - Backend,"Hyperscience
                
Sofia, Bulgaria                ",2d ago
Remote Back-End Senior Software Engineer,"SRT Labs
                
Springfield, VA                ",3h ago
"Mid-Level Developer (Elixir / Ruby) - Backend, Frontend and beyond","BetterDoc
                
Cologne, Germany                ",11h ago
Senior Software Engineer,"Rho Business Banking
                
New York, NY                ",10h ago
"Senior Software Engineer, Applications","Simulmedia
                
New York, NY                ",1h ago
"Software Engineer, Backend â Blockchain Applications","Hex Trust
                
Hong Kong                ",14h ago
Senior Full-Stack PHP Developer,"GeoPhy
                
Den Haag, Netherlands                ",yesterday
"Software Engineer, Developer Experience (API and webhooks)","Zeplin, Inc
                
San Francisco, CA                ",yesterday
Backend Engineer (m/f/d),"Delicious Data GmbH
                
München, Deutschland                ",3d ago
Front-End Software Engineer,"HENNGE K.K.
                
Tokyo, Japan                ",16h ago
VP of Engineering for Profitable SaaS,"Lead Sherpa, Inc.
                
Denver, CO                ",4d ago
"Software Engineer, Back End","Niche
                
Pittsburgh, PA                ",6h ago
(Senior) Backend Engineer at the leading data-driven travel Advertising platform,"travel audience GmbH
                
Berlin, Germany                ",3d ago
Python Backend Developer (m/w/d),"sonnen GmbH
                
Wildpoldsried, Deutschland                ",4d ago
Front End Developer (f/m/d),"PAIR Finance GmbH
                
Berlin, Deutschland                ",2d ago
Senior Backend Software Engineer,"C2FO
                
Leawood, KS                ",4d ago
Full Stack Python / Django / React Dev for Awesome Saas,"Lead Sherpa, Inc.
                
Denver, CO                ",""
Java Backend Developer - Finance,"Takeaway.com
                
Amsterdam, Netherlands                ",3d ago
"Software Engineer, Python","YouGov
                
Warsaw, Poland                ",""
Software Engineer,"Equus Software, LLC
                
Denver, CO                ",6h ago
Backend Engineer,"LeoVegas Mobile Gaming Group
                
Stockholm, Sweden                ",2d ago
React Front End Developer,"Daupler, Inc.
                
Kansas City, MO                ",2d ago
Hands-On Software Architect (Cloud Backend),"Nets Group
                
Helsinki, Finland                ",""
Senior Full Stack Developer,"OnCall Health
                
Toronto, ON, Canada                ",""
"Lead Backend Engineer (Fully Remote, VC-Backed Startup)","SparkPlug
                
Boulder, CO                ",""
Senior Software Engineer - Backend,"Hyperscience
                
Sofia, Bulgaria                ",2d ago
Remote Back-End Senior Software Engineer,"SRT Labs
                
Springfield, VA                ",3h ago
"Mid-Level Developer (Elixir / Ruby) - Backend, Frontend and beyond","BetterDoc
                
Cologne, Germany                ",11h ago
Senior Software Engineer,"Rho Business Banking
                
New York, NY                ",10h ago
"Senior Software Engineer, Applications","Simulmedia
                
New York, NY                ",1h ago
"Software Engineer, Backend â Blockchain Applications","Hex Trust
                
Hong Kong                ",14h ago
Senior Full-Stack PHP Developer,"GeoPhy
                
Den Haag, Netherlands                ",yesterday
"Software Engineer, Developer Experience (API and webhooks)","Zeplin, Inc
                
San Francisco, CA                ",yesterday
Backend Engineer (m/f/d),"Delicious Data GmbH
                
München, Deutschland                ",3d ago
Front-End Software Engineer,"HENNGE K.K.
                
Tokyo, Japan                ",16h ago
VP of Engineering for Profitable SaaS,"Lead Sherpa, Inc.
                
Denver, CO                ",4d ago
"Software Engineer, Back End","Niche
                
Pittsburgh, PA                ",6h ago
(Senior) Backend Engineer at the leading data-driven travel Advertising platform,"travel audience GmbH
                
Berlin, Germany                ",3d ago
Python Backend Developer (m/w/d),"sonnen GmbH
                
Wildpoldsried, Deutschland                ",4d ago
Front End Developer (f/m/d),"PAIR Finance GmbH
                
Berlin, Deutschland                ",2d ago
Senior Backend Software Engineer,"C2FO
                
Leawood, KS                ",4d ago
Full Stack Python / Django / React Dev for Awesome Saas,"Lead Sherpa, Inc.
                
Denver, CO                ",""
Java Backend Developer - Finance,"Takeaway.com
                
Amsterdam, Netherlands                ",3d ago
"Software Engineer, Python","YouGov
                
Warsaw, Poland                ",""
Software Engineer,"Equus Software, LLC
                
Denver, CO                ",6h ago
Backend Engineer,"LeoVegas Mobile Gaming Group
                
Stockholm, Sweden                ",2d ago
React Front End Developer,"Daupler, Inc.
                
Kansas City, MO                ",2d ago
Hands-On Software Architect (Cloud Backend),"Nets Group
                
Helsinki, Finland                ",""
Senior Full Stack Developer,"OnCall Health
                
Toronto, ON, Canada                ",""
"Lead Backend Engineer (Fully Remote, VC-Backed Startup)","SparkPlug
                
Boulder, CO                ",""
Senior Software Engineer - Backend,"Hyperscience
                
Sofia, Bulgaria                ",2d ago
Remote Back-End Senior Software Engineer,"SRT Labs
                
Springfield, VA                ",3h ago
"Mid-Level Developer (Elixir / Ruby) - Backend, Frontend and beyond","BetterDoc
                
Cologne, Germany                ",11h ago
Senior Software Engineer,"Rho Business Banking
                
New York, NY                ",10h ago
"Senior Software Engineer, Applications","Simulmedia
                
New York, NY                ",1h ago
"Software Engineer, Backend â Blockchain Applications","Hex Trust
                
Hong Kong                ",14h ago
Senior Full-Stack PHP Developer,"GeoPhy
                
Den Haag, Netherlands                ",yesterday
"Software Engineer, Developer Experience (API and webhooks)","Zeplin, Inc
                
San Francisco, CA                ",yesterday
Backend Engineer (m/f/d),"Delicious Data GmbH
                
München, Deutschland                ",3d ago
Front-End Software Engineer,"HENNGE K.K.
                
Tokyo, Japan                ",16h ago
VP of Engineering for Profitable SaaS,"Lead Sherpa, Inc.
                
Denver, CO                ",4d ago
"Software Engineer, Back End","Niche
                
Pittsburgh, PA                ",6h ago
(Senior) Backend Engineer at the leading data-driven travel Advertising platform,"travel audience GmbH
                
Berlin, Germany                ",3d ago
Python Backend Developer (m/w/d),"sonnen GmbH
                
Wildpoldsried, Deutschland                ",4d ago
Front End Developer (f/m/d),"PAIR Finance GmbH
                
Berlin, Deutschland                ",2d ago
Senior Backend Software Engineer,"C2FO
                
Leawood, KS                ",4d ago
Full Stack Python / Django / React Dev for Awesome Saas,"Lead Sherpa, Inc.
                
Denver, CO                ",""
Java Backend Developer - Finance,"Takeaway.com
                
Amsterdam, Netherlands                ",3d ago
"Software Engineer, Python","YouGov
                
Warsaw, Poland                ",""
Software Engineer,"Equus Software, LLC
                
Denver, CO                ",6h ago
Backend Engineer,"LeoVegas Mobile Gaming Group
                
Stockholm, Sweden                ",2d ago
React Front End Developer,"Daupler, Inc.
                
Kansas City, MO                ",2d ago
Hands-On Software Architect (Cloud Backend),"Nets Group
                
Helsinki, Finland                ",""
Senior Full Stack Developer,"OnCall Health
                
Toronto, ON, Canada                ",""
"Lead Backend Engineer (Fully Remote, VC-Backed Startup)","SparkPlug
                
Boulder, CO                ",""
Senior Software Engineer - Backend,"Hyperscience
                
Sofia, Bulgaria                ",2d ago
Remote Back-End Senior Software Engineer,"SRT Labs
                
Springfield, VA                ",3h ago
"Mid-Level Developer (Elixir / Ruby) - Backend, Frontend and beyond","BetterDoc
                
Cologne, Germany                ",11h ago
Senior Software Engineer,"Rho Business Banking
                
New York, NY                ",10h ago
"Senior Software Engineer, Applications","Simulmedia
                
New York, NY                ",1h ago
"Software Engineer, Backend â Blockchain Applications","Hex Trust
                
Hong Kong                ",14h ago
Senior Full-Stack PHP Developer,"GeoPhy
                
Den Haag, Netherlands                ",yesterday
"Software Engineer, Developer Experience (API and webhooks)","Zeplin, Inc
                
San Francisco, CA                ",yesterday
Backend Engineer (m/f/d),"Delicious Data GmbH
                
München, Deutschland                ",3d ago
Front-End Software Engineer,"HENNGE K.K.
                
Tokyo, Japan                ",16h ago
VP of Engineering for Profitable SaaS,"Lead Sherpa, Inc.
                
Denver, CO                ",4d ago
"Software Engineer, Back End","Niche
                
Pittsburgh, PA                ",6h ago
(Senior) Backend Engineer at the leading data-driven travel Advertising platform,"travel audience GmbH
                
Berlin, Germany                ",3d ago
Python Backend Developer (m/w/d),"sonnen GmbH
                
Wildpoldsried, Deutschland                ",4d ago
Front End Developer (f/m/d),"PAIR Finance GmbH
                
Berlin, Deutschland                ",2d ago
Senior Backend Software Engineer,"C2FO
                
Leawood, KS                ",4d ago
Full Stack Python / Django / React Dev for Awesome Saas,"Lead Sherpa, Inc.
                
Denver, CO                ",""
Java Backend Developer - Finance,"Takeaway.com
                
Amsterdam, Netherlands                ",3d ago
"Software Engineer, Python","YouGov
                
Warsaw, Poland                ",""
Software Engineer,"Equus Software, LLC
                
Denver, CO                ",6h ago
Backend Engineer,"LeoVegas Mobile Gaming Group
                
Stockholm, Sweden                ",2d ago
React Front End Developer,"Daupler, Inc.
                
Kansas City, MO                ",2d ago
Hands-On Software Architect (Cloud Backend),"Nets Group
                
Helsinki, Finland                ",""
Senior Full Stack Developer,"OnCall Health
                
Toronto, ON, Canada                ",""
"Lead Backend Engineer (Fully Remote, VC-Backed Startup)","SparkPlug
                
Boulder, CO                ",""
Senior Software Engineer - Backend,"Hyperscience
                
Sofia, Bulgaria                ",2d ago
Remote Back-End Senior Software Engineer,"SRT Labs
                
Springfield, VA                ",3h ago
"Mid-Level Developer (Elixir / Ruby) - Backend, Frontend and beyond","BetterDoc
                
Cologne, Germany                ",11h ago
Senior Software Engineer,"Rho Business Banking
                
New York, NY                ",10h ago
"Senior Software Engineer, Applications","Simulmedia
                
New York, NY                ",1h ago
"Software Engineer, Backend â Blockchain Applications","Hex Trust
                
Hong Kong                ",14h ago
Senior Full-Stack PHP Developer,"GeoPhy
                
Den Haag, Netherlands                ",yesterday
"Software Engineer, Developer Experience (API and webhooks)","Zeplin, Inc
                
San Francisco, CA                ",yesterday
Backend Engineer (m/f/d),"Delicious Data GmbH
                
München, Deutschland                ",3d ago
Front-End Software Engineer,"HENNGE K.K.
                
Tokyo, Japan                ",16h ago
VP of Engineering for Profitable SaaS,"Lead Sherpa, Inc.
                
Denver, CO                ",4d ago
"Software Engineer, Back End","Niche
                
Pittsburgh, PA                ",6h ago
(Senior) Backend Engineer at the leading data-driven travel Advertising platform,"travel audience GmbH
                
Berlin, Germany                ",3d ago
Python Backend Developer (m/w/d),"sonnen GmbH
                
Wildpoldsried, Deutschland                ",4d ago
Front End Developer (f/m/d),"PAIR Finance GmbH
                
Berlin, Deutschland                ",2d ago
Senior Backend Software Engineer,"C2FO
                
Leawood, KS                ",4d ago
Full Stack Python / Django / React Dev for Awesome Saas,"Lead Sherpa, Inc.
                
Denver, CO                ",""
Java Backend Developer - Finance,"Takeaway.com
                
Amsterdam, Netherlands                ",3d ago
"Software Engineer, Python","YouGov
                
Warsaw, Poland                ",""
Software Engineer,"Equus Software, LLC
                
Denver, CO                ",6h ago
Backend Engineer,"LeoVegas Mobile Gaming Group
                
Stockholm, Sweden                ",2d ago
React Front End Developer,"Daupler, Inc.
                
Kansas City, MO                ",2d ago
Hands-On Software Architect (Cloud Backend),"Nets Group
                
Helsinki, Finland                ",""
Senior Full Stack Developer,"OnCall Health
                
Toronto, ON, Canada                ",""
"Lead Backend Engineer (Fully Remote, VC-Backed Startup)","SparkPlug
                
Boulder, CO                ",""
Senior Software Engineer - Backend,"Hyperscience
                
Sofia, Bulgaria                ",2d ago
Remote Back-End Senior Software Engineer,"SRT Labs
                
Springfield, VA                ",3h ago
"Mid-Level Developer (Elixir / Ruby) - Backend, Frontend and beyond","BetterDoc
                
Cologne, Germany                ",11h ago
Senior Software Engineer,"Rho Business Banking
                
New York, NY                ",10h ago
"Senior Software Engineer, Applications","Simulmedia
                
New York, NY                ",1h ago
"Software Engineer, Backend â Blockchain Applications","Hex Trust
                
Hong Kong                ",14h ago
Senior Full-Stack PHP Developer,"GeoPhy
                
Den Haag, Netherlands                ",yesterday
"Software Engineer, Developer Experience (API and webhooks)","Zeplin, Inc
                
San Francisco, CA                ",yesterday
Backend Engineer (m/f/d),"Delicious Data GmbH
                
München, Deutschland                ",3d ago
Front-End Software Engineer,"HENNGE K.K.
                
Tokyo, Japan                ",16h ago
VP of Engineering for Profitable SaaS,"Lead Sherpa, Inc.
                
Denver, CO                ",4d ago
"Software Engineer, Back End","Niche
                
Pittsburgh, PA                ",6h ago
(Senior) Backend Engineer at the leading data-driven travel Advertising platform,"travel audience GmbH
                
Berlin, Germany                ",3d ago
Python Backend Developer (m/w/d),"sonnen GmbH
                
Wildpoldsried, Deutschland                ",4d ago
Front End Developer (f/m/d),"PAIR Finance GmbH
                
Berlin, Deutschland                ",2d ago
Senior Backend Software Engineer,"C2FO
                
Leawood, KS                ",4d ago
Full Stack Python / Django / React Dev for Awesome Saas,"Lead Sherpa, Inc.
                
Denver, CO                ",""
Java Backend Developer - Finance,"Takeaway.com
                
Amsterdam, Netherlands                ",3d ago
"Software Engineer, Python","YouGov
                
Warsaw, Poland                ",""
Software Engineer,"Equus Software, LLC
                
Denver, CO                ",6h ago
Backend Engineer,"LeoVegas Mobile Gaming Group
                
Stockholm, Sweden                ",2d ago
React Front End Developer,"Daupler, Inc.
                
Kansas City, MO                ",2d ago
Hands-On Software Architect (Cloud Backend),"Nets Group
                
Helsinki, Finland                ",""
Senior Full Stack Developer,"OnCall Health
                
Toronto, ON, Canada                ",""
"Lead Backend Engineer (Fully Remote, VC-Backed Startup)","SparkPlug
                
Boulder, CO                ",""
Senior Software Engineer - Backend,"Hyperscience
                
Sofia, Bulgaria                ",2d ago
Remote Back-End Senior Software Engineer,"SRT Labs
                
Springfield, VA                ",3h ago
"Mid-Level Developer (Elixir / Ruby) - Backend, Frontend and beyond","BetterDoc
                
Cologne, Germany                ",11h ago
Senior Software Engineer,"Rho Business Banking
                
New York, NY                ",10h ago
"Senior Software Engineer, Applications","Simulmedia
                
New York, NY                ",1h ago
"Software Engineer, Backend â Blockchain Applications","Hex Trust
                
Hong Kong                ",14h ago
Senior Full-Stack PHP Developer,"GeoPhy
                
Den Haag, Netherlands                ",yesterday
"Software Engineer, Developer Experience (API and webhooks)","Zeplin, Inc
                
San Francisco, CA                ",yesterday
Backend Engineer (m/f/d),"Delicious Data GmbH
                
München, Deutschland                ",3d ago
Front-End Software Engineer,"HENNGE K.K.
                
Tokyo, Japan                ",16h ago
VP of Engineering for Profitable SaaS,"Lead Sherpa, Inc.
                
Denver, CO                ",4d ago
"Software Engineer, Back End","Niche
                
Pittsburgh, PA                ",6h ago
(Senior) Backend Engineer at the leading data-driven travel Advertising platform,"travel audience GmbH
                
Berlin, Germany                ",3d ago
Python Backend Developer (m/w/d),"sonnen GmbH
                
Wildpoldsried, Deutschland                ",4d ago
Front End Developer (f/m/d),"PAIR Finance GmbH
                
Berlin, Deutschland                ",2d ago
Senior Backend Software Engineer,"C2FO
                
Leawood, KS                ",4d ago
Full Stack Python / Django / React Dev for Awesome Saas,"Lead Sherpa, Inc.
                
Denver, CO                ",""
Java Backend Developer - Finance,"Takeaway.com
                
Amsterdam, Netherlands                ",3d ago
"Software Engineer, Python","YouGov
                
Warsaw, Poland                ",""
Software Engineer,"Equus Software, LLC
                
Denver, CO                ",6h ago
Backend Engineer,"LeoVegas Mobile Gaming Group
                
Stockholm, Sweden                ",2d ago
React Front End Developer,"Daupler, Inc.
                
Kansas City, MO                ",2d ago
Hands-On Software Architect (Cloud Backend),"Nets Group
                
Helsinki, Finland                ",""
Senior Full Stack Developer,"OnCall Health
                
Toronto, ON, Canada                ",""
"Lead Backend Engineer (Fully Remote, VC-Backed Startup)","SparkPlug
                
Boulder, CO                ",""
Senior Software Engineer - Backend,"Hyperscience
                
Sofia, Bulgaria                ",2d ago
Remote Back-End Senior Software Engineer,"SRT Labs
                
Springfield, VA                ",3h ago
"Mid-Level Developer (Elixir / Ruby) - Backend, Frontend and beyond","BetterDoc
                
Cologne, Germany                ",11h ago
Senior Software Engineer,"Rho Business Banking
                
New York, NY                ",10h ago
"Senior Software Engineer, Applications","Simulmedia
                
New York, NY                ",1h ago
"Software Engineer, Backend â Blockchain Applications","Hex Trust
                
Hong Kong                ",14h ago
Senior Full-Stack PHP Developer,"GeoPhy
                
Den Haag, Netherlands                ",yesterday
"Software Engineer, Developer Experience (API and webhooks)","Zeplin, Inc
                
San Francisco, CA                ",yesterday
Backend Engineer (m/f/d),"Delicious Data GmbH
                
München, Deutschland                ",3d ago
Front-End Software Engineer,"HENNGE K.K.
                
Tokyo, Japan                ",16h ago
VP of Engineering for Profitable SaaS,"Lead Sherpa, Inc.
                
Denver, CO                ",4d ago
"Software Engineer, Back End","Niche
                
Pittsburgh, PA                ",6h ago
(Senior) Backend Engineer at the leading data-driven travel Advertising platform,"travel audience GmbH
                
Berlin, Germany                ",3d ago
Python Backend Developer (m/w/d),"sonnen GmbH
                
Wildpoldsried, Deutschland                ",4d ago
Front End Developer (f/m/d),"PAIR Finance GmbH
                
Berlin, Deutschland                ",2d ago
Senior Backend Software Engineer,"C2FO
                
Leawood, KS                ",4d ago
Full Stack Python / Django / React Dev for Awesome Saas,"Lead Sherpa, Inc.
                
Denver, CO                ",""
Java Backend Developer - Finance,"Takeaway.com
                
Amsterdam, Netherlands                ",3d ago
"Software Engineer, Python","YouGov
                
Warsaw, Poland                ",""
Software Engineer,"Equus Software, LLC
                
Denver, CO                ",6h ago
Backend Engineer,"LeoVegas Mobile Gaming Group
                
Stockholm, Sweden                ",2d ago
React Front End Developer,"Daupler, Inc.
                
Kansas City, MO                ",2d ago
Hands-On Software Architect (Cloud Backend),"Nets Group
                
Helsinki, Finland                ",""
Senior Full Stack Developer,"OnCall Health
                
Toronto, ON, Canada                ",""
"Lead Backend Engineer (Fully Remote, VC-Backed Startup)","SparkPlug
                
Boulder, CO                ",""
Senior Software Engineer - Backend,"Hyperscience
                
Sofia, Bulgaria                ",2d ago
Remote Back-End Senior Software Engineer,"SRT Labs
                
Springfield, VA                ",3h ago
"Mid-Level Developer (Elixir / Ruby) - Backend, Frontend and beyond","BetterDoc
                
Cologne, Germany                ",11h ago
Senior Software Engineer,"Rho Business Banking
                
New York, NY                ",10h ago
"Senior Software Engineer, Applications","Simulmedia
                
New York, NY                ",1h ago
"Software Engineer, Backend â Blockchain Applications","Hex Trust
                
Hong Kong                ",14h ago
Senior Full-Stack PHP Developer,"GeoPhy
                
Den Haag, Netherlands                ",yesterday
"Software Engineer, Developer Experience (API and webhooks)","Zeplin, Inc
                
San Francisco, CA                ",yesterday
Backend Engineer (m/f/d),"Delicious Data GmbH
                
München, Deutschland                ",3d ago
Front-End Software Engineer,"HENNGE K.K.
                
Tokyo, Japan                ",16h ago
VP of Engineering for Profitable SaaS,"Lead Sherpa, Inc.
                
Denver, CO                ",4d ago
"Software Engineer, Back End","Niche
                
Pittsburgh, PA                ",6h ago
(Senior) Backend Engineer at the leading data-driven travel Advertising platform,"travel audience GmbH
                
Berlin, Germany                ",3d ago
Python Backend Developer (m/w/d),"sonnen GmbH
                
Wildpoldsried, Deutschland                ",4d ago
Front End Developer (f/m/d),"PAIR Finance GmbH
                
Berlin, Deutschland                ",2d ago
Senior Backend Software Engineer,"C2FO
                
Leawood, KS                ",4d ago
Full Stack Python / Django / React Dev for Awesome Saas,"Lead Sherpa, Inc.
                
Denver, CO                ",""
Java Backend Developer - Finance,"Takeaway.com
                
Amsterdam, Netherlands                ",3d ago
"Software Engineer, Python","YouGov
                
Warsaw, Poland                ",""
Software Engineer,"Equus Software, LLC
                
Denver, CO                ",6h ago
Backend Engineer,"LeoVegas Mobile Gaming Group
                
Stockholm, Sweden                ",2d ago
React Front End Developer,"Daupler, Inc.
                
Kansas City, MO                ",2d ago
Hands-On Software Architect (Cloud Backend),"Nets Group
                
Helsinki, Finland                ",""
Senior Full Stack Developer,"OnCall Health
                
Toronto, ON, Canada                ",""
"Lead Backend Engineer (Fully Remote, VC-Backed Startup)","SparkPlug
                
Boulder, CO                ",""
Senior Software Engineer - Backend,"Hyperscience
                
Sofia, Bulgaria                ",2d ago
Remote Back-End Senior Software Engineer,"SRT Labs
                
Springfield, VA                ",3h ago
"Mid-Level Developer (Elixir / Ruby) - Backend, Frontend and beyond","BetterDoc
                
Cologne, Germany                ",11h ago
Senior Software Engineer,"Rho Business Banking
                
New York, NY                ",10h ago
"Senior Software Engineer, Applications","Simulmedia
                
New York, NY                ",1h ago
"Software Engineer, Backend â Blockchain Applications","Hex Trust
                
Hong Kong                ",14h ago
Senior Full-Stack PHP Developer,"GeoPhy
                
Den Haag, Netherlands                ",yesterday
"Software Engineer, Developer Experience (API and webhooks)","Zeplin, Inc
                
San Francisco, CA                ",yesterday
Backend Engineer (m/f/d),"Delicious Data GmbH
                
München, Deutschland                ",3d ago
Front-End Software Engineer,"HENNGE K.K.
                
Tokyo, Japan                ",16h ago
VP of Engineering for Profitable SaaS,"Lead Sherpa, Inc.
                
Denver, CO                ",4d ago
"Software Engineer, Back End","Niche
                
Pittsburgh, PA                ",6h ago
(Senior) Backend Engineer at the leading data-driven travel Advertising platform,"travel audience GmbH
                
Berlin, Germany                ",3d ago
Python Backend Developer (m/w/d),"sonnen GmbH
                
Wildpoldsried, Deutschland                ",4d ago
Front End Developer (f/m/d),"PAIR Finance GmbH
                
Berlin, Deutschland                ",2d ago
Senior Backend Software Engineer,"C2FO
                
Leawood, KS                ",4d ago
Full Stack Python / Django / React Dev for Awesome Saas,"Lead Sherpa, Inc.
                
Denver, CO                ",""
Java Backend Developer - Finance,"Takeaway.com
                
Amsterdam, Netherlands                ",3d ago
"Software Engineer, Python","YouGov
                
Warsaw, Poland                ",""
Software Engineer,"Equus Software, LLC
                
Denver, CO                ",6h ago
Backend Engineer,"LeoVegas Mobile Gaming Group
                
Stockholm, Sweden                ",2d ago
React Front End Developer,"Daupler, Inc.
                
Kansas City, MO                ",2d ago
Hands-On Software Architect (Cloud Backend),"Nets Group
                
Helsinki, Finland                ",""
Senior Full Stack Developer,"OnCall Health
                
Toronto, ON, Canada                ",""
"Lead Backend Engineer (Fully Remote, VC-Backed Startup)","SparkPlug
                
Boulder, CO                ",""
Senior Software Engineer - Backend,"Hyperscience
                
Sofia, Bulgaria                ",2d ago
Remote Back-End Senior Software Engineer,"SRT Labs
                
Springfield, VA                ",3h ago
"Mid-Level Developer (Elixir / Ruby) - Backend, Frontend and beyond","BetterDoc
                
Cologne, Germany                ",11h ago
Senior Software Engineer,"Rho Business Banking
                
New York, NY                ",10h ago
"Senior Software Engineer, Applications","Simulmedia
                
New York, NY                ",1h ago
"Software Engineer, Backend â Blockchain Applications","Hex Trust
                
Hong Kong                ",14h ago
Senior Full-Stack PHP Developer,"GeoPhy
                
Den Haag, Netherlands                ",yesterday
"Software Engineer, Developer Experience (API and webhooks)","Zeplin, Inc
                
San Francisco, CA                ",yesterday
Backend Engineer (m/f/d),"Delicious Data GmbH
                
München, Deutschland                ",3d ago
Front-End Software Engineer,"HENNGE K.K.
                
Tokyo, Japan                ",16h ago
VP of Engineering for Profitable SaaS,"Lead Sherpa, Inc.
                
Denver, CO                ",4d ago
"Software Engineer, Back End","Niche
                
Pittsburgh, PA                ",6h ago
(Senior) Backend Engineer at the leading data-driven travel Advertising platform,"travel audience GmbH
                
Berlin, Germany                ",3d ago
Python Backend Developer (m/w/d),"sonnen GmbH
                
Wildpoldsried, Deutschland                ",4d ago
Front End Developer (f/m/d),"PAIR Finance GmbH
                
Berlin, Deutschland                ",2d ago
Senior Backend Software Engineer,"C2FO
                
Leawood, KS                ",4d ago
Full Stack Python / Django / React Dev for Awesome Saas,"Lead Sherpa, Inc.
                
Denver, CO                ",""
Java Backend Developer - Finance,"Takeaway.com
                
Amsterdam, Netherlands                ",3d ago
"Software Engineer, Python","YouGov
                
Warsaw, Poland                ",""
Software Engineer,"Equus Software, LLC
                
Denver, CO                ",6h ago
Backend Engineer,"LeoVegas Mobile Gaming Group
                
Stockholm, Sweden                ",2d ago
React Front End Developer,"Daupler, Inc.
                
Kansas City, MO                ",2d ago
Hands-On Software Architect (Cloud Backend),"Nets Group
                
Helsinki, Finland                ",""
Senior Full Stack Developer,"OnCall Health
                
Toronto, ON, Canada                ",""
"Lead Backend Engineer (Fully Remote, VC-Backed Startup)","SparkPlug
                
Boulder, CO                ",""
Senior Software Engineer - Backend,"Hyperscience
                
Sofia, Bulgaria                ",2d ago
Remote Back-End Senior Software Engineer,"SRT Labs
                
Springfield, VA                ",3h ago
"Mid-Level Developer (Elixir / Ruby) - Backend, Frontend and beyond","BetterDoc
                
Cologne, Germany                ",11h ago
Senior Software Engineer,"Rho Business Banking
                
New York, NY                ",10h ago
"Senior Software Engineer, Applications","Simulmedia
                
New York, NY                ",1h ago
"Software Engineer, Backend â Blockchain Applications","Hex Trust
                
Hong Kong                ",14h ago
Senior Full-Stack PHP Developer,"GeoPhy
                
Den Haag, Netherlands                ",yesterday
"Software Engineer, Developer Experience (API and webhooks)","Zeplin, Inc
                
San Francisco, CA                ",yesterday
Backend Engineer (m/f/d),"Delicious Data GmbH
                
München, Deutschland                ",3d ago
Front-End Software Engineer,"HENNGE K.K.
                
Tokyo, Japan                ",16h ago
VP of Engineering for Profitable SaaS,"Lead Sherpa, Inc.
                
Denver, CO                ",4d ago
"Software Engineer, Back End","Niche
                
Pittsburgh, PA                ",6h ago
(Senior) Backend Engineer at the leading data-driven travel Advertising platform,"travel audience GmbH
                
Berlin, Germany                ",3d ago
Python Backend Developer (m/w/d),"sonnen GmbH
                
Wildpoldsried, Deutschland                ",4d ago
Front End Developer (f/m/d),"PAIR Finance GmbH
                
Berlin, Deutschland                ",2d ago
Senior Backend Software Engineer,"C2FO
                
Leawood, KS                ",4d ago
Full Stack Python / Django / React Dev for Awesome Saas,"Lead Sherpa, Inc.
                
Denver, CO                ",""
Java Backend Developer - Finance,"Takeaway.com
                
Amsterdam, Netherlands                ",3d ago
"Software Engineer, Python","YouGov
                
Warsaw, Poland                ",""
Software Engineer,"Equus Software, LLC
                
Denver, CO                ",6h ago
Backend Engineer,"LeoVegas Mobile Gaming Group
                
Stockholm, Sweden                ",2d ago
React Front End Developer,"Daupler, Inc.
                
Kansas City, MO                ",2d ago
Hands-On Software Architect (Cloud Backend),"Nets Group
                
Helsinki, Finland                ",""
Senior Full Stack Developer,"OnCall Health
                
Toronto, ON, Canada                ",""
"Lead Backend Engineer (Fully Remote, VC-Backed Startup)","SparkPlug
                
Boulder, CO                ",""
Senior Software Engineer - Backend,"Hyperscience
                
Sofia, Bulgaria                ",2d ago
Remote Back-End Senior Software Engineer,"SRT Labs
                
Springfield, VA                ",3h ago
"Mid-Level Developer (Elixir / Ruby) - Backend, Frontend and beyond","BetterDoc
                
Cologne, Germany                ",11h ago
Senior Software Engineer,"Rho Business Banking
                
New York, NY                ",10h ago
"Senior Software Engineer, Applications","Simulmedia
                
New York, NY                ",1h ago
"Software Engineer, Backend â Blockchain Applications","Hex Trust
                
Hong Kong                ",14h ago
Senior Full-Stack PHP Developer,"GeoPhy
                
Den Haag, Netherlands                ",yesterday
"Software Engineer, Developer Experience (API and webhooks)","Zeplin, Inc
                
San Francisco, CA                ",yesterday
Backend Engineer (m/f/d),"Delicious Data GmbH
                
München, Deutschland                ",3d ago
Front-End Software Engineer,"HENNGE K.K.
                
Tokyo, Japan                ",16h ago
VP of Engineering for Profitable SaaS,"Lead Sherpa, Inc.
                
Denver, CO                ",4d ago
"Software Engineer, Back End","Niche
                
Pittsburgh, PA                ",6h ago
(Senior) Backend Engineer at the leading data-driven travel Advertising platform,"travel audience GmbH
                
Berlin, Germany                ",3d ago
Python Backend Developer (m/w/d),"sonnen GmbH
                
Wildpoldsried, Deutschland                ",4d ago
Front End Developer (f/m/d),"PAIR Finance GmbH
                
Berlin, Deutschland                ",2d ago
Senior Backend Software Engineer,"C2FO
                
Leawood, KS                ",4d ago
Full Stack Python / Django / React Dev for Awesome Saas,"Lead Sherpa, Inc.
                
Denver, CO                ",""
Java Backend Developer - Finance,"Takeaway.com
                
Amsterdam, Netherlands                ",3d ago
"Software Engineer, Python","YouGov
                
Warsaw, Poland                ",""
Software Engineer,"Equus Software, LLC
                
Denver, CO                ",6h ago
Backend Engineer,"LeoVegas Mobile Gaming Group
                
Stockholm, Sweden                ",2d ago
React Front End Developer,"Daupler, Inc.
                
Kansas City, MO                ",2d ago
Hands-On Software Architect (Cloud Backend),"Nets Group
                
Helsinki, Finland                ",""
Senior Full Stack Developer,"OnCall Health
                
Toronto, ON, Canada                ",""
"Lead Backend Engineer (Fully Remote, VC-Backed Startup)","SparkPlug
                
Boulder, CO                ",""
Senior Software Engineer - Backend,"Hyperscience
                
Sofia, Bulgaria                ",2d ago
Remote Back-End Senior Software Engineer,"SRT Labs
                
Springfield, VA                ",3h ago
"Mid-Level Developer (Elixir / Ruby) - Backend, Frontend and beyond","BetterDoc
                
Cologne, Germany                ",11h ago
Senior Software Engineer,"Rho Business Banking
                
New York, NY                ",10h ago
"Senior Software Engineer, Applications","Simulmedia
                
New York, NY                ",1h ago
"Software Engineer, Backend â Blockchain Applications","Hex Trust
                
Hong Kong                ",14h ago
Senior Full-Stack PHP Developer,"GeoPhy
                
Den Haag, Netherlands                ",yesterday
"Software Engineer, Developer Experience (API and webhooks)","Zeplin, Inc
                
San Francisco, CA                ",yesterday
Backend Engineer (m/f/d),"Delicious Data GmbH
                
München, Deutschland                ",3d ago
Front-End Software Engineer,"HENNGE K.K.
                
Tokyo, Japan                ",16h ago
VP of Engineering for Profitable SaaS,"Lead Sherpa, Inc.
                
Denver, CO                ",4d ago
"Software Engineer, Back End","Niche
                
Pittsburgh, PA                ",6h ago
(Senior) Backend Engineer at the leading data-driven travel Advertising platform,"travel audience GmbH
                
Berlin, Germany                ",3d ago
Python Backend Developer (m/w/d),"sonnen GmbH
                
Wildpoldsried, Deutschland                ",4d ago
Front End Developer (f/m/d),"PAIR Finance GmbH
                
Berlin, Deutschland                ",2d ago
Senior Backend Software Engineer,"C2FO
                
Leawood, KS                ",4d ago
Full Stack Python / Django / React Dev for Awesome Saas,"Lead Sherpa, Inc.
                
Denver, CO                ",""
Java Backend Developer - Finance,"Takeaway.com
                
Amsterdam, Netherlands                ",3d ago
"Software Engineer, Python","YouGov
                
Warsaw, Poland                ",""
Software Engineer,"Equus Software, LLC
                
Denver, CO                ",6h ago
Backend Engineer,"LeoVegas Mobile Gaming Group
                
Stockholm, Sweden                ",2d ago
React Front End Developer,"Daupler, Inc.
                
Kansas City, MO                ",2d ago
Hands-On Software Architect (Cloud Backend),"Nets Group
                
Helsinki, Finland                ",""
Senior Full Stack Developer,"OnCall Health
                
Toronto, ON, Canada                ",""
"Lead Backend Engineer (Fully Remote, VC-Backed Startup)","SparkPlug
                
Boulder, CO                ",""
Senior Software Engineer - Backend,"Hyperscience
                
Sofia, Bulgaria                ",2d ago
Remote Back-End Senior Software Engineer,"SRT Labs
                
Springfield, VA                ",3h ago
"Mid-Level Developer (Elixir / Ruby) - Backend, Frontend and beyond","BetterDoc
                
Cologne, Germany                ",11h ago
Senior Software Engineer,"Rho Business Banking
                
New York, NY                ",10h ago
"Senior Software Engineer, Applications","Simulmedia
                
New York, NY                ",1h ago
"Software Engineer, Backend â Blockchain Applications","Hex Trust
                
Hong Kong                ",14h ago
Senior Full-Stack PHP Developer,"GeoPhy
                
Den Haag, Netherlands                ",yesterday
"Software Engineer, Developer Experience (API and webhooks)","Zeplin, Inc
                
San Francisco, CA                ",yesterday
Backend Engineer (m/f/d),"Delicious Data GmbH
                
München, Deutschland                ",3d ago
Front-End Software Engineer,"HENNGE K.K.
                
Tokyo, Japan                ",16h ago
VP of Engineering for Profitable SaaS,"Lead Sherpa, Inc.
                
Denver, CO                ",4d ago
"Software Engineer, Back End","Niche
                
Pittsburgh, PA                ",6h ago
(Senior) Backend Engineer at the leading data-driven travel Advertising platform,"travel audience GmbH
                
Berlin, Germany                ",3d ago
Python Backend Developer (m/w/d),"sonnen GmbH
                
Wildpoldsried, Deutschland                ",4d ago
Front End Developer (f/m/d),"PAIR Finance GmbH
                
Berlin, Deutschland                ",2d ago
Senior Backend Software Engineer,"C2FO
                
Leawood, KS                ",4d ago
Full Stack Python / Django / React Dev for Awesome Saas,"Lead Sherpa, Inc.
                
Denver, CO                ",""
Java Backend Developer - Finance,"Takeaway.com
                
Amsterdam, Netherlands                ",3d ago
"Software Engineer, Python","YouGov
                
Warsaw, Poland                ",""
Software Engineer,"Equus Software, LLC
                
Denver, CO                ",6h ago
Backend Engineer,"LeoVegas Mobile Gaming Group
                
Stockholm, Sweden                ",2d ago
React Front End Developer,"Daupler, Inc.
                
Kansas City, MO                ",2d ago
Hands-On Software Architect (Cloud Backend),"Nets Group
                
Helsinki, Finland                ",""
Senior Full Stack Developer,"OnCall Health
                
Toronto, ON, Canada                ",""
"Lead Backend Engineer (Fully Remote, VC-Backed Startup)","SparkPlug
                
Boulder, CO                ",""
